repo,stars
gohugoio/hugo,21927
fabiolb/fabio,4375
apex/up,4044
tj/node-prune,3116
gchaincl/httplab,2936
tsuru/tsuru,2624
adtac/commento,2282
goreleaser/goreleaser,2209
travisjeffery/jocko,2052
knqyf263/pet,1623
hacdias/filemanager,1511
v2tec/watchtower,1467
awslabs/aws-sam-local,1439
tenta-browser/tenta-dns,1321
tdewolff/minify,1304
justwatchcom/gopass,1303
celrenheit/sandglass,1280
apex/gh-polls,1273
alecthomas/chroma,1222
matthewmueller/joy,1171
osrg/gobgp,1122
barnybug/cli53,1083
linkedin/Burrow,1015
metrue/fx,961
serverless/event-gateway,775
gwuhaolin/lightsocks,768
huacnlee/flora-kit,571
cirocosta/cr,545
rif/spark,489
getantibody/antibody,488
go-task/task,453
cloudnativelabs/kube-router,411
t3rm1n4l/megacmd,379
client9/misspell,355
maliceio/malice,330
google/metallb,328
rykov/paperboy,311
codeskyblue/gosuv,296
codeskyblue/gohttpserver,266
jhillyerd/inbucket,262
boz/kail,255
bketelsen/captainhook,230
aybabtme/humanlog,230
martensson/nixy,226
kyoh86/richgo,226
gwuhaolin/livego,225
wrouesnel/postgres_exporter,214
schollz/croc,209
stripe/stripe-mock,186
getfider/fider,180
bep/s3deploy,155
wendigo/go-bind-plugin,152
ValeLint/vale,150
schollz/pluck,139
corywalker/expreduce,132
jetstack/tarmak,130
howeyc/ledger,122
dreadl0ck/zeus,122
dave/blast,116
gnormal/gnorm,112
gen0cide/gscript,109
ncw/stressdisk,105
schollz/linkcrawler,105
tsuru/planb,100
guillaumebreton/gone,99
qvl/ghbackup,98
evilsocket/gitstats,93
qvl/sleepto,92
lucapette/fakedata,91
wrouesnel/dns-over-https-proxy,81
xwjdsh/nba-live,79
zalando/zally,79
kirillrogovoy/pullkee,78
Oxalide/vsphere-influxdb-go,78
luizbafilho/fusis,78
sroberts/cacador,78
aybabtme/datagen,76
gulien/orbit,71
goreleaser/godownloader,71
daptin/daptin,71
qvl/promplot,65
komuW/meli,63
jonog/redalert,62
creativesoftwarefdn/weaviate,61
Shopify/kubeaudit,61
huacnlee/gobackup,59
skorokithakis/gweet,59
vjeantet/bitfan,54
DheerendraRathor/GoTracer,53
xwjdsh/manssh,52
andreas-schroeder/kafka-health-check,51
wendigo/chrome-protocol-proxy,47
phayes/freeport,42
beplus/makeicon,41
hypnoglow/helm-s3,40
lucapette/deloominator,39
influxdata/ifql,37
boz/ephemerald,37
adejoux/nmon2influxdb,36
Leviathan1995/fari-proxy,35
rliebz/tusk,34
bketelsen/gogrep,33
tsuru/tsuru-client,32
zupzup/calories,31
zaquestion/lab,31
miniflux/miniflux,31
kamilsk/retry,31
osteele/gojekyll,30
mesuutt/turengo,30
cmars/ormesh,29
JulienBreux/pody,28
jbarone/ghostToHugo,27
nyaruka/courier,26
amir20/sha-miner,24
openatx/wdaproxy,24
pusher/cli,24
pr8kerl/f5er,23
genkiroid/cert,23
ripienaar/rotrep,23
qvl/httpsyet,23
barnybug/s3,22
lexkong/grapehttp,22
caarlos0/fork-cleaner,22
kaihendry/lk,21
thehowl/claws,21
buildkite/packer-builder-veertu-anka,19
martinhoefling/saltbeat,19
xshellinc/iotit,19
schollz/crawdad,19
envkey/envkey-source,19
qa-dev/jsonwire-grid,19
arke-works/arke,18
snwfdhmp/duck,18
bketelsen/ngc,17
petermbenjamin/s3-fuzzer,17
Southclaws/sampctl,16
kamilsk/semaphore,16
nem-toolchain/nem-toolchain,16
dunglas/stack2slack,16
ahmed-taj/git-todos,16
sascha-andres/go-logsink,15
Mirantis/k8s-apps,15
caarlos0/karmahub,15
monax/hoard,15
kyoh86/scopelint,15
hacdias/webdav,15
gen0cide/laforge,15
schollz/boltdb-server,15
itkSource/lorhammer,13
syossan27/kirimori,13
moncho/warpwallet,13
CityOfZion/neo-go-sdk,13
replicatedhq/replicated,12
AmadeusITGroup/workflow-controller,12
jetstack/vault-unsealer,12
wrouesnel/prometheus-prefiller,12
sascha-andres/devenv,12
tednaleid/ganda,12
Aptomi/aptomi,11
wacul/ichigo,11
jacobbednarz/go-csp-collector,11
romainmenke/simple-guetzli,10
yarikbratashchuk/slk,10
caarlos0/promfmt,10
skatsuta/athenai,10
lucapette/tracker,10
caarlos0/github-vacations,10
mkevac/hmm,10
andygrunwald/jitic,9
petermbenjamin/orthrus,9
aybabtme/godotto,9
caarlos0/org-stats,9
n0rad/housecream,9
ovh/ldp-tail,9
lrstanley/links,9
nouney/helm-gcs,9
compose/bach,9
MYOB-Technology/konfigurator,8
caarlos0/twatcher,8
ihaiker/distributed-gosuv,8
uw-labs/strongbox,8
caarlos0/bandep,8
openatx/atx-agent,8
tleyden/cecil,7
leandro-lugaresi/message-cannon,7
caarlos0/victorops-notifier,7
egnyte/ax,7
cjsaylor/jrnl,7
issmirnov/zap,7
darvid/nessusbeat,7
caarlos0/domain_exporter,7
NERDDISCO/VisionLord,7
filimonov/chc,7
zeebe-io/zeebe-operator,7
envkey/envkey-fetch,7
cirocosta/l7,6
okzk/env-injector,6
bep/twittercard-proxy,6
docker-gantry/gantry,6
webhookrelay/client,6
rai-project/rai,6
openpixel/rise,6
chasinglogic/dfm,6
kevingimbel/license,6
sandreas/graft,5
camptocamp/terraform-provider-pass,5
screwdriver-cd/launcher,5
klauern/remy,5
rnitame/daily,5
Tympanix/artoodetoo,5
Nexinto/rancher-icinga,5
whats-this/owo.go,5
nyaruka/goflow,5
LoliGothick/cbt,5
ifad/clammit,5
dotzero/git-profile,5
diasjorge/roly,5
wayneashleyberry/phpl,5
cirocosta/sdns,5
jvermillard/slackstatus,5
caarlos0/route53-cleaner,5
ewilde/terraform-provider-runscope,5
mixer/wsplice,5
crowdworks/cyqldog,4
zerok/clocked,4
tsuru/deploy-agent,4
stormforger/cli,4
cirocosta/l4,4
ptinsley/fling,4
mch1307/gomotics,4
ohsawa0515/ec2-vuls-config,4
coveo/tgf,4
schollz/urlss,4
pyed/rtelegram,4
mbialon/getrand,4
hellofresh/klepto,4
zph/moresql,4
osuripple/cheesegull,4
SpencerCDixon/exocortex,4
PeterBooker/wpds,4
Jimdo/elb-instance-status,4
TheTorProject/ooni-sync,4
cdrx/faktory_cron,3
ligato/vpp-sample-service,3
caarlos0-graveyard/cepinator,3
ContaAzul/newrelic_exporter,3
lrstanley/marill,3
praelatus/praelatus,3
bureaux-a-partager/gh-slack-reminder,3
ContaAzul/postgresql_exporter,3
caarlos0/clone-org,3
xreception/go-swagen,3
remyLemeunier/contactkey,3
kizkoh/mackerel-plugin-nfiptables,3
circonus-labs/circonus-agent,3
rai-project/carml,3
phase2/rig,3
kishaningithub/randomtext,3
andygrunwald/perseus,3
afrase/mysqldumpsplit,3
ethereumproject/janus,3
kevingimbel/goserve,3
zet4/disguard,3
foomo/gotsrpc,3
alastairruhm/utfbom-remove,3
asnodgrass/columbus-v1000,3
blacktop/how-ya-doing,3
spiffe/aws-resolver,3
pagumin/instago,3
ellisonleao/fotolog-dl,3
caarlos0/shcheck,3
cockroachdb/vendored,3
Praqma/helmsman,3
spiffe/aws-iid-attestor,3
FurqanSoftware/bullet,3
MYOB-Technology/dataform,3
prologic/gopherproxy,3
hemtjanst/hemtjanst,3
caarlos0/am-i-working,2
asteris-llc/terraform-provisioner-converge,2
frozzare/alfred,2
ingrammicro/concerto,2
FrontMage/dynamo.cli,2
emir/weekly-share-cli,2
drewsonne/go-gocd,2
yuuki/binrep,2
robertgzr/porcelain,2
Nexinto/check-rancher,2
KemoKemo/gckdir,2
maliceio/engine,2
Atrox/cain,2
lucianjon/zk-exporter,2
petermbenjamin/aws-console,2
astronomerio/astro,2
signalsciences/changelog,2
koesie10/acme-dns-certbot-hook,2
fresh8/consulship,2
TylerBrock/saw,2
spiegel-im-spiegel/gpgpdump,2
bureaux-a-partager/lucca-leaves-slack-reminder,2
KemoKemo/go-kuronandash,2
spiffe/sidecar,2
travisjeffery/mocker,2
fdns/dnszeppelin-clickhouse,2
peeyushsrj/ui-music-junk-cleaner,2
thewraven/shrink,2
ContaAzul/hystrix_exporter,2
martinlindhe/gohash,2
petermbenjamin/go-open,2
lrstanley/geoip,2
jetstack/vault-helper,2
alphagov/paas-elasticache-broker,2
deliveroo/paddle,2
but80/smaf825,2
itzg/restify,2
davidderus/christopher,2
exitshell/konnect,2
kizkoh/mackerel-plugin-tcpeek,2
divanvisagie/JSON-translator,2
shahinam/cloudac-dl,2
shiftky/go-tmsh,2
fsouza/s3-upload-proxy,2
dwarvesf/glm,2
Xe/site,2
photoshelf/photoshelf-storage,2
jcchavezs/zipkin-agent,2
bsep/server,1
goofansu/wego,1
esiqveland/replayuploader,1
ReturnPath/protoc-gen-template,1
caarlos0/version_exporter,1
mcordell/storyview,1
kevholditch/terraform-provider-kong,1
sairam/httpsbin,1
tsauter/transmit,1
128technology/influx-importer,1
ncw/make_test_files,1
rafaelsales/street-sweeper,1
andefined/twreport,1
citizenfx/fx,1
schollz/qrcode,1
embano1/dontdisturb,1
Versent/kinesis-tail,1
martinhoefling/gosip,1
mdp/delo,1
foomo/config-bob,1
rai-project/dockerfile-builder,1
wrouesnel/pdns_exporter,1
drewsonne/terraform-provider-gocd,1
Didstopia/motionerd,1
dpastoor/babylon,1
peteraba/dblfinder,1
wrouesnel/tail_exporter,1
bketelsen/bjk,1
zerok/tpl,1
domudall/gce-sleep,1
dnna/terraform-provider-auth0,1
coveo/terraform-provider-quantum,1
undeadops/herd,1
wow-sweetlie/battleaxe,1
caarlos0/svu,1
umovme/dbview,1
sfischer13/datautils,1
binhq/gitbin,1
jeffijoe/total-rename,1
paulvollmer/openapi-split,1
zaru/container-builder-local-api,1
brightbox/terraform-provider-brightbox,1
av7573/av7573,1
izzulhaziq/aggregateapi,1
zcong1993/gist,1
kevingimbel/fget,1
martensson/tpm,1
philoserf/my_training,1
omniscale/legendgraphic,1
alexhudson/stowage,1
Code-Hex/chair,1
dpastoor/gows,1
toxinu/diskotek,1
alexcrownus/vreg,1
Jimdo/github-team-ssh-keys,1
mdouchement/composer,1
embano1/go-cicd,1
andefined/twitterfarm,1
MiLk/nmp,1
SSENSE/sqspush,1
blacktop/graboid,1
moonwalker/luna,1
fsuhrau/gopretty,1
leighmcculloch/tldr,1
screwdriver-cd/sd-step,1
client9/markdown_tools,1
vlifesystems/rulehunter,1
rodrigodiez/smocha,1
denisbrodbeck/sqip,1
anyweez/matchgrab,1
townewgokgok/slack-status,1
testthedocs/henry,1
nnao45/jgob,1
diogonicoleti/pg-activity-watchdog,1
frozzare/dokku-prompt,1
blp1526/isac,1
rif/telegraf-freeswitch,1
gstruct/terraform-provider-dockermachine,1
aldor007/mort,1
beplus/makesplash,1
tbobm/gogit,1
bpineau/kube-deployments-notifier,1
binhq/binbrew,1
martinlindhe/tile-tools,1
jbub/pgbouncer_exporter,1
wangsongiam/command-count,1
avast/stor-client,1
wrouesnel/go.powerdns,1
kevinburke/chroma-markdown,1
Originate/exocom,1
z4ce/s3-restore,1
Xe/disrelay,1
wrouesnel/self-contained-go-project,1
zerok/remarked,0
mbialon/hexdec,0
naveego/plugin-pub-mssql,0
hakupoint/test,0
DheerendraRathor/SimpleWsClient,0
sean-/2017-joyent-hackathon,0
Jimdo/wonderland-prom-rulegen,0
divanvisagie/postl,0
marianogappa/simil,0
divanvisagie/horrid,0
develar/block-map-builder,0
zaru/kamatakun,0
pikacloud/run-agent,0
hiromisuzuki/tellanch,0
divanvisagie/reverse-proxy,0
cassiobotaro/binary-assets,0
jamowei/senv,0
wangsongiam/go,0
Didstopia/symbolizer,0
matthewmueller/giftbox,0
zlypher/track,0
martinplaner/felix,0
midorigreen/gmd,0
chapin666/socks5-ss,0
whilei/squirrel,0
spiegel-im-spiegel/hash,0
5Sigma/spyder,0
gofortune/gofortune,0
giacomocariello/terraform-provider-consulclient,0
spiegel-im-spiegel/reldemo,0
lrstanley/nagios-check-ircd,0
lrstanley/nagios-notify-irc,0
kyoh86/go-init,0
abhi18av/saigo,0
unders/servdir,0
cu-library/DOAJ2Crossref,0
Jimdo/github-downloader,0
paulchiu/xinput-toggle,0
nyodas/isinnexus,0
wolfeidau/ggprov,0
KristinaEtc/goreleaser-test,0
berfarah/knoch,0
sklevenz/goreleaser-test,0
mplx/gosample,0
screwdriver-cd/meta-cli,0
noonien/tcp-proxy,0
Teamwork/godocgen,0
jiro4989/md4pt,0
hassansin/amqptools,0
lrstanley/borg,0
deepthawtz/heath,0
gstruct/terraform-provider-run,0
circonus-labs/circonus-logwatch,0
gugahoi/dogwatch,0
dictybase-playground/gdrive-uploadr,0
zcong1993/gcommitter,0
coveo/gotemplate,0
foomo/foomo-releaser,0
geoffreybauduin/iap-dump,0
easauceda/fib,0
antonu17/go-playgroud,0
K7MSH/webcam-scraper,0
naveego/plugin-sub-mariadb,0
CxiaoyuN/filemanager,0
citizenfx/client-downloader,0
rdtr/bq-partition-porter,0
coopengo/api-load,0
crowdcube/delivery-helper,0
simonswine/aws-nuke,0
wixb50/pet,0
soopsio/go-sshd,0
fsuhrau/gocat,0
mattstratton/bowie,0
Versent/syslog-cloudlogs,0
spiegel-im-spiegel/mklink,0
TwistedSystemsLtd/lazenby-go,0
diverdown/toggl2slack,0
kaleocheng/kanna,0
klauern/terraform-gitea-provider,0
gstruct/terraform-provider-dockerclient,0
artberri/gitcleaner,0
ingest/generate-playback-keys,0
FenrirUnbound/mplater,0
tukangkod/gorelease-example,0
vdparikh/go-sftp,0
1531/bibot,0
tnoda78/posiserver,0
phrase-yourself/phrased,0
spiegel-im-spiegel/text,0
5Sigma/conduit,0
Jimdo/autoscaling-file-sd,0
kyoh86/git-vertag,0
kyoh86/deject,0
sanathkr/go-helloworld,0
gstruct/sexecline,0
dmush/sqlpack,0
dsbrng25b/mip,0
artudis-utils/artudis-orcid-report,0
klauern/terraform-gogs-provider,0
midorigreen/gtrello,0
willyb321/gthsmanage,0
ninnemana/fuz,0
goreleaser/example,0
jiro4989/game-manager,0
divanvisagie/remote-wallpaper,0
MerlinDMC/jsonbeat,0
kare/gist,0
mbialon/ncron,0
dependencies-io/pullrequest,0
gedex/glek,0
vovkasm/run-with-schedule,0
gedex/gembel,0
gedex/goreleaser-example-app,0
abhi18av/goHabitica,0
screwdriver-cd/log-service,0
ynozue/apichecker,0
kevingimbel/isup,0
rai-project/rai-keygen,0
jerson/upao-scraping,0
jacted/test_goreleaser,0
tosone/testGoRelease,0
itzg/img-hacker,0
cedriclam/helm-test,0
adrianbrink/tendereum,0
VagabondDataNinjas/gizlinebot,0
maliceio/cli,0
grapswiz/dfs,0
sergiusens/hello,0
zcong1993/pkg-version,0
uepoch/go-healthchecker,0
jiro4989/genidx,0
DanielMSchmidt/flow-watcher,0
provalabs/prova,0
proshik/gotrew,0
kevingimbel/goreleaser-demo,0
SpeckiJ/go_seamCarving,0
wablerfam/baku,0
blp1526/gg,0
gost-c/enr,0
LemonSaaS/ghostsocks,0
augustopimenta/dev-dock,0
kpurdon/beerwall,0
stathat/cmd,0
giacomocariello/nickelcase,0
osteele/multiclone,0
bep/releaser-test,0
naveego/plugin-sub-test,0
wrouesnel/reverseit,0
bobvanluijt/RLY08B-controller,0
jetstack/airworthy,0
divanvisagie/new,0
hamin/godesk,0
GaoLiping/goreleaser,0
zerok/pyvideosearch,0
jaxxstorm/like-my-friend,0
ncw/fsyncbench,0
TunedMystic/gops,0
diegofernandes/context-test,0
naveego/plugin-pub-test,0
cloudboss/keights,0
sascha-andres/go-snippet,0
amir20/foobar,0
predixapm/cases,0
domudall/gcu-check,0
kamilsk/egg,0
andreiashu/cryptom,0
tsuru/globomap-integration,0
gnur/golpje,0
vromero/gofortune,0
dmlam-dev/Hugo,0
casept/yagopherd,0
devopsdays/devopsdays-cli,0
gincorp/gin,0
zet4/go-travis-docker-test,0
sascha-andres/gitbranch,0
blblblu/leri,0
blblblu/asami,0
chenshunlin/filemanager,0
kaey/langtools,0
floriankammermann/vcloud-cli,0
mattbangert/GoSkeleton,0
stve/tn,0
z7zmey/codegraph,0
simonswine/gke-kubeconfig-builder,0
thewraven/gsplit,0
alphaz-cn/fuckgfw,0
tomsquest/bouyguessms,0
caarlos0/test,0
lego/roachnest,0
jkusniar/vetbbedit,0
pocketgophers/pgviewer,0
coinapp-io/coinapp,0
kogasoftware/dmocks,0
kyleburton/randwords,0
emersion/do-dyn-domain,0
clintmod/diskusage,0
mchudgins/playground,0
AndreaGhizzoni/zenium,0
sascha-andres/tardeploy,0
adriaandejonge/contentful-hugo,0
stve/scar,0
dpastoor/cpdf,0
wrouesnel/multihttp,0
IFTTT/alb-tool,0
yoclay/hugo-master,0
digivizer/newrelic-smith,0
UnAfraid/go-health-check,0
codeskyblue/adbx,0
fprieur/stminfo,0
hawky-4s-/octoman,0
erikwilliamsa/gcloudps,0
nakaji-s/hbase-cmd,0
MathieuDoyon/sqspush,0
drewsonne/gocd-tf-generate,0
gillchristian/todos,0
wrouesnel/reverse_exporter,0
jason-riddle/stateless,0
abhi18av/s_a_i_go,0
sebastianwebber/hba,0
sidmusa/hugo,0
gomatic/sub,0
wrouesnel/callback,0
petems/gitgud,0
leitaoxman/backup-lightsocks,0
itzg/haproxy-gen,0
mbesancon/tomate,0
rentziass/codrops,0
whyrv/clitemplate,0
artpar/gisio,0
hellofresh/github-cli,0
client9/s3push,0
rentziass/territory_wars_report,0
wrouesnel/makecerts,0
circleci/ccidemo,0
humio/cli,0
gofmt/go-scaffold,0
arran4/matchStickProblem,0
tjyang/cmd1,0
humio/cli-python,0
fprieur/wb2d,0
mitchgu/asdfland,0
dabster2/postgres_exporter,0
alastairruhm/zj-db-cluster,0
