repo,stars
gohugoio/hugo,22122
future-architect/vuls,4939
fabiolb/fabio,4387
apex/up,4208
tj/node-prune,3127
gchaincl/httplab,2944
tsuru/tsuru,2630
adtac/commento,2300
goreleaser/goreleaser,2249
knqyf263/pet,1628
hacdias/filemanager,1540
v2tec/watchtower,1492
awslabs/aws-sam-local,1467
tenta-browser/tenta-dns,1361
justwatchcom/gopass,1326
celrenheit/sandglass,1315
tdewolff/minify,1308
apex/gh-polls,1273
alecthomas/chroma,1230
matthewmueller/joy,1200
osrg/gobgp,1129
barnybug/cli53,1087
linkedin/Burrow,1020
metrue/fx,970
gwuhaolin/lightsocks,800
serverless/event-gateway,791
cirocosta/cr,588
huacnlee/flora-kit,573
getantibody/antibody,491
rif/spark,489
go-task/task,463
magefile/mage,448
cloudnativelabs/kube-router,424
t3rm1n4l/megacmd,380
client9/misspell,355
google/metallb,348
maliceio/malice,333
rykov/paperboy,312
codeskyblue/gosuv,296
evilsocket/arc,293
codeskyblue/gohttpserver,272
jhillyerd/inbucket,263
boz/kail,258
gwuhaolin/livego,239
bketelsen/captainhook,232
aybabtme/humanlog,230
martensson/nixy,226
kyoh86/richgo,226
mkchoi212/fac,224
wrouesnel/postgres_exporter,218
schollz/croc,211
JamesClonk/vultr,197
stripe/stripe-mock,192
getfider/fider,187
ValeLint/vale,159
bep/s3deploy,155
wendigo/go-bind-plugin,152
schollz/pluck,141
corywalker/expreduce,132
jetstack/tarmak,130
howeyc/ledger,125
dreadl0ck/zeus,124
gnormal/gnorm,124
dave/blast,117
gen0cide/gscript,117
schollz/linkcrawler,105
ncw/stressdisk,105
tsuru/planb,101
guillaumebreton/gone,99
evilsocket/gitstats,99
qvl/ghbackup,98
qvl/sleepto,92
lucapette/fakedata,91
xwjdsh/nba-live,86
wrouesnel/dns-over-https-proxy,81
zalando/zally,80
Oxalide/vsphere-influxdb-go,79
luizbafilho/fusis,79
kirillrogovoy/pullkee,78
sroberts/cacador,78
daptin/daptin,76
aybabtme/datagen,76
goreleaser/godownloader,72
gulien/orbit,71
Shopify/kubeaudit,65
qvl/promplot,65
komuw/meli,64
greenboxal/dns-heaven,63
jonog/redalert,62
creativesoftwarefdn/weaviate,61
skorokithakis/gweet,59
huacnlee/gobackup,59
vjeantet/bitfan,54
DheerendraRathor/GoTracer,53
xwjdsh/manssh,53
andreas-schroeder/kafka-health-check,52
drish/ben,51
wendigo/chrome-protocol-proxy,47
sundy-li/wechat_autojump_game,46
miniflux/miniflux,44
phayes/freeport,43
hypnoglow/helm-s3,42
beplus/makeicon,42
lucapette/deloominator,39
influxdata/ifql,38
adejoux/nmon2influxdb,37
boz/ephemerald,37
Leviathan1995/fari-proxy,36
rliebz/tusk,34
pocke/whichpr,33
bketelsen/gogrep,33
tsuru/tsuru-client,32
zaquestion/lab,32
kamilsk/retry,31
zupzup/calories,31
mesuutt/turengo,30
osteele/gojekyll,30
JulienBreux/pody,30
cmars/ormesh,29
31z4/harvest,28
nyaruka/courier,27
jbarone/ghostToHugo,27
openatx/wdaproxy,26
amir20/sha-miner,24
pusher/cli,24
lexkong/grapehttp,24
pr8kerl/f5er,23
ripienaar/rotrep,23
caarlos0/example,23
qvl/httpsyet,23
genkiroid/cert,23
Southclaws/sampctl,23
caarlos0/fork-cleaner,22
barnybug/s3,22
thehowl/claws,21
kaihendry/lk,21
schollz/crawdad,20
qa-dev/jsonwire-grid,20
martinhoefling/saltbeat,19
buildkite/packer-builder-veertu-anka,19
envkey/envkey-source,19
xshellinc/iotit,19
kamilsk/semaphore,18
arke-works/arke,18
prologic/golinks,18
snwfdhmp/duck,18
ahmed-taj/git-todos,17
petermbenjamin/s3-fuzzer,17
bketelsen/ngc,16
hacdias/webdav,16
dunglas/stack2slack,16
nem-toolchain/nem-toolchain,16
Mirantis/k8s-apps,15
kyoh86/scopelint,15
sascha-andres/go-logsink,15
schollz/boltdb-server,15
gen0cide/laforge,15
monax/hoard,15
caarlos0/karmahub,15
moncho/warpwallet,14
syossan27/kirimori,14
itkSource/lorhammer,13
CityOfZion/neo-go-sdk,13
jetstack/vault-unsealer,13
sascha-andres/devenv,12
tednaleid/ganda,12
AmadeusITGroup/workflow-controller,12
wrouesnel/prometheus-prefiller,12
replicatedhq/replicated,12
Aptomi/aptomi,11
zeebe-io/zbc-go,11
caarlos0/bandep,11
wacul/ichigo,11
jacobbednarz/go-csp-collector,11
nouney/helm-gcs,10
caarlos0/github-vacations,10
caarlos0/promfmt,10
mkevac/hmm,10
skatsuta/athenai,10
lucapette/tracker,10
romainmenke/simple-guetzli,10
yarikbratashchuk/slk,10
n0rad/housecream,9
caarlos0/org-stats,9
ovh/ldp-tail,9
lrstanley/links,9
go-jsonfile/jsonfiddle,9
compose/bach,9
openatx/atx-agent,9
aybabtme/godotto,9
petermbenjamin/orthrus,9
andygrunwald/jitic,9
leandro-lugaresi/message-cannon,8
darvid/nessusbeat,8
ihaiker/distributed-gosuv,8
uw-labs/strongbox,8
caarlos0/twatcher,8
MYOB-Technology/konfigurator,8
zerok/concourse-piper,7
zeebe-io/zeebe-operator,7
caarlos0/domain_exporter,7
cjsaylor/jrnl,7
tleyden/cecil,7
filimonov/chc,7
envkey/envkey-fetch,7
issmirnov/zap,7
NERDDISCO/VisionLord,7
caarlos0/victorops-notifier,7
joyent/pg_prefaulter,7
cirocosta/l7,6
chasinglogic/dfm,6
prologic/eris,6
docker-gantry/gantry,6
openpixel/rise,6
webhookrelay/client,6
kevingimbel/license,6
bep/twittercard-proxy,6
okzk/env-injector,6
rai-project/rai,6
zph/moresql,5
PeterBooker/wpds,5
cirocosta/sdns,5
Tympanix/artoodetoo,5
nyaruka/goflow,5
zerok/clocked,5
mixer/wsplice,5
camptocamp/terraform-provider-pass,5
ewilde/terraform-provider-runscope,5
whats-this/owo.go,5
ifad/clammit,5
diasjorge/roly,5
rnitame/daily,5
sandreas/graft,5
LoliGothick/cbt,5
screwdriver-cd/launcher,5
kshvmdn/ded,5
klauern/remy,5
caarlos0/route53-cleaner,5
dotzero/git-profile,5
wayneashleyberry/phpl,5
Nexinto/rancher-icinga,5
jvermillard/slackstatus,5
osuripple/cheesegull,5
coveo/tgf,5
cirocosta/l4,4
SpencerCDixon/exocortex,4
stormforger/cli,4
mbialon/getrand,4
ohsawa0515/ec2-vuls-config,4
kaihendry/lk2,4
mch1307/gomotics,4
hellofresh/klepto,4
schollz/urlss,4
circonus-labs/circonus-agent,4
tsuru/deploy-agent,4
pyed/rtelegram,4
Jimdo/elb-instance-status,4
crowdworks/cyqldog,4
TheTorProject/ooni-sync,4
ptinsley/fling,4
kevingimbel/goserve,3
prologic/gopherproxy,3
lrstanley/marill,3
drewsonne/go-gocd,3
ContaAzul/postgresql_exporter,3
Praqma/helmsman,3
phase2/rig,3
xreception/go-swagen,3
petermbenjamin/go-open,3
bureaux-a-partager/gh-slack-reminder,3
alastairruhm/utfbom-remove,3
blacktop/how-ya-doing,3
MYOB-Technology/dataform,3
ContaAzul/newrelic_exporter,3
rai-project/carml,3
ligato/vpp-sample-service,3
afrase/mysqldumpsplit,3
gocardless/draupnir,3
cdrx/faktory_cron,3
FurqanSoftware/bullet,3
remyLemeunier/contactkey,3
ellisonleao/fotolog-dl,3
caarlos0/shcheck,3
praelatus/praelatus,3
kishaningithub/randomtext,3
caarlos0-graveyard/cepinator,3
spiffe/aws-iid-attestor,3
foomo/gotsrpc,3
cockroachdb/vendored,3
andygrunwald/perseus,3
spiffe/aws-resolver,3
asnodgrass/columbus-v1000,3
osuripple/hanayo,3
pagumin/instago,3
hemtjanst/hemtjanst,3
ethereumproject/janus,3
kizkoh/mackerel-plugin-nfiptables,3
zet4/disguard,3
caarlos0/clone-org,3
davidderus/christopher,2
Atrox/cain,2
ewilde/terraform-provider-kibana,2
asteris-llc/terraform-provisioner-converge,2
lucianjon/zk-exporter,2
vlifesystems/rulehunter,2
bureaux-a-partager/lucca-leaves-slack-reminder,2
frozzare/alfred,2
ContaAzul/hystrix_exporter,2
koesie10/acme-dns-certbot-hook,2
spiffe/sidecar,2
petermbenjamin/aws-console,2
ligato/bgp-agent,2
emir/weekly-share-cli,2
Southclaws/forumfmt,2
jbub/pgbouncer_exporter,2
but80/smaf825,2
KemoKemo/go-kuronandash,2
fsouza/s3-upload-proxy,2
alphagov/paas-elasticache-broker,2
KemoKemo/gckdir,2
Nexinto/check-rancher,2
martinlindhe/gohash,2
caarlos0/am-i-working,2
shiftky/go-tmsh,2
spiegel-im-spiegel/gpgpdump,2
jetstack/vault-helper,2
peeyushsrj/ui-music-junk-cleaner,2
photoshelf/photoshelf-storage,2
FrontMage/dynamo.cli,2
Xe/site,2
yuuki/binrep,2
dwarvesf/glm,2
divanvisagie/JSON-translator,2
TylerBrock/saw,2
lrstanley/geoip,2
deliveroo/paddle,2
ingrammicro/concerto,2
maliceio/engine,2
rodkranz/char7,2
jcchavezs/zipkin-agent,2
astronomerio/astro,2
itzg/restify,2
fresh8/consulship,2
kizkoh/mackerel-plugin-tcpeek,2
shahinam/cloudac-dl,2
exitshell/konnect,2
robertgzr/porcelain,2
fdns/dnszeppelin-clickhouse,2
thewraven/shrink,2
travisjeffery/mocker,2
uiureo/lonely-client,2
rai-project/dockerfile-builder,1
dpastoor/babylon,1
Versent/kinesis-tail,1
client9/markdown_tools,1
rif/telegraf-freeswitch,1
mdp/delo,1
caarlos0/svu,1
gstruct/terraform-provider-dockermachine,1
kevholditch/terraform-provider-kong,1
zcong1993/gist,1
SSENSE/sqspush,1
coveo/terraform-provider-quantum,1
wrouesnel/go.powerdns,1
wow-sweetlie/battleaxe,1
umovme/dbview,1
jeffijoe/total-rename,1
Jimdo/github-team-ssh-keys,1
MiLk/nmp,1
alexcrownus/vreg,1
dpastoor/gows,1
ReturnPath/protoc-gen-template,1
av7573/av7573,1
foomo/config-bob,1
blacktop/graboid,1
moonwalker/luna,1
caarlos0/version_exporter,1
anyweez/matchgrab,1
fsuhrau/gopretty,1
rodrigodiez/smocha,1
dnna/terraform-provider-auth0,1
binhq/gitbin,1
hassansin/amqptools,1
ncw/make_test_files,1
kevinburke/chroma-markdown,1
embano1/go-cicd,1
bketelsen/bjk,1
paulvollmer/openapi-split,1
screwdriver-cd/sd-step,1
embano1/dontdisturb,1
andefined/twitterfarm,1
omniscale/legendgraphic,1
alexhudson/stowage,1
128technology/influx-importer,1
undeadops/herd,1
tsauter/transmit,1
zaru/container-builder-local-api,1
mcordell/storyview,1
denisbrodbeck/sqip,1
beplus/makesplash,1
izzulhaziq/aggregateapi,1
sairam/httpsbin,1
leighmcculloch/tldr,1
zerok/tpl,1
wangsongiam/command-count,1
martensson/tpm,1
nnao45/jgob,1
testthedocs/henry,1
diogonicoleti/pg-activity-watchdog,1
drewsonne/terraform-provider-gocd,1
townewgokgok/slack-status,1
citizenfx/fx,1
goofansu/wego,1
TheCacophonyProject/thermal-recorder,1
wrouesnel/tail_exporter,1
brightbox/terraform-provider-brightbox,1
leighmcculloch/clippercard,1
rafaelsales/street-sweeper,1
toxinu/diskotek,1
binhq/binbrew,1
frozzare/dokku-prompt,1
martinhoefling/gosip,1
wendigo/gcp-builder,1
esiqveland/replayuploader,1
philoserf/my_training,1
bsep/server,1
kevingimbel/fget,1
mdouchement/composer,1
andefined/twreport,1
domudall/gce-sleep,1
wrouesnel/pdns_exporter,1
z4ce/s3-restore,1
tbobm/gogit,1
Xe/disrelay,1
Originate/exocom,1
bpineau/kube-deployments-notifier,1
peteraba/dblfinder,1
blp1526/isac,1
martinlindhe/tile-tools,1
avast/stor-client,1
wrouesnel/self-contained-go-project,1
aldor007/mort,1
sfischer13/datautils,1
schollz/qrcode,1
Didstopia/motionerd,1
berfarah/knoch,0
jamowei/senv,0
wangsongiam/go,0
cassiobotaro/binary-assets,0
divanvisagie/reverse-proxy,0
hiromisuzuki/tellanch,0
pikacloud/run-agent,0
gincorp/gin,0
dmlam-dev/Hugo,0
lrstanley/nagios-notify-irc,0
zet4/go-travis-docker-test,0
mbialon/hexdec,0
vromero/gofortune,0
unders/servdir,0
sascha-andres/gitbranch,0
blblblu/asami,0
zerok/remarked,0
spiegel-im-spiegel/reldemo,0
lrstanley/nagios-check-ircd,0
blblblu/leri,0
kyoh86/go-init,0
naveego/plugin-pub-mssql,0
hakupoint/test,0
tsuru/globomap-integration,0
mattbangert/GoSkeleton,0
whilei/squirrel,0
chapin666/socks5-ss,0
easauceda/fib,0
coveo/gotemplate,0
foomo/foomo-releaser,0
sean-/2017-joyent-hackathon,0
kaey/langtools,0
gnur/golpje,0
Jimdo/wonderland-prom-rulegen,0
pocketgophers/pgviewer,0
marianogappa/simil,0
rudivandrunen/watchtower,0
circonus-labs/circonus-logwatch,0
gugahoi/dogwatch,0
emersion/do-dyn-domain,0
5Sigma/spyder,0
divanvisagie/horrid,0
zcong1993/gcommitter,0
Didstopia/symbolizer,0
zaru/kamatakun,0
develar/block-map-builder,0
chris-rock/homekit-fritz,0
andreiashu/cryptom,0
MzHub/osmcoverer,0
stevenwilliamson/puppetenvreporter,0
srinandan/mgw2egw,0
matthewmueller/giftbox,0
stve/tn,0
coopengo/api-load,0
crowdcube/delivery-helper,0
simonswine/aws-nuke,0
wixb50/pet,0
z7zmey/codegraph,0
kamilsk/egg,0
mattstratton/bowie,0
sascha-andres/go-snippet,0
diegofernandes/context-test,0
divanvisagie/postl,0
helmci/mirror-plugin,0
thewraven/gsplit,0
gstruct/terraform-provider-dockerclient,0
zerok/pyvideosearch,0
alphaz-cn/fuckgfw,0
wrouesnel/reverseit,0
midorigreen/gmd,0
TunedMystic/gops,0
diverdown/toggl2slack,0
kaleocheng/kanna,0
klauern/terraform-gitea-provider,0
tukangkod/gorelease-example,0
hamin/godesk,0
jhillyerd/fauxmailer,0
tnoda78/posiserver,0
phrase-yourself/phrased,0
spiegel-im-spiegel/text,0
jkusniar/vetbbedit,0
coinapp-io/coinapp,0
chrissimpkins/ink,0
Versent/syslog-cloudlogs,0
Jimdo/autoscaling-file-sd,0
kyoh86/git-vertag,0
bep/releaser-test,0
naveego/plugin-sub-mariadb,0
dpastoor/cpdf,0
citizenfx/client-downloader,0
dsbrng25b/mip,0
artudis-utils/artudis-orcid-report,0
klauern/terraform-gogs-provider,0
giacomocariello/nickelcase,0
willyb321/gthsmanage,0
jaxxstorm/change-aws-credentials,0
deepthawtz/heath,0
jiro4989/game-manager,0
gstruct/terraform-provider-run,0
dictybase-playground/gdrive-uploadr,0
kyleburton/randwords,0
divanvisagie/remote-wallpaper,0
geoffreybauduin/iap-dump,0
AndreaGhizzoni/zenium,0
spiegel-im-spiegel/hash,0
sascha-andres/tardeploy,0
gedex/goreleaser-example-app,0
abhi18av/goHabitica,0
gofortune/gofortune,0
adriaandejonge/contentful-hugo,0
predixapm/cases,0
guyfedwards/gl,0
giacomocariello/terraform-provider-consulclient,0
nkprince007/uipgo,0
stve/scar,0
mbialon/ncron,0
kevingimbel/isup,0
spiegel-im-spiegel/mklink,0
augustopimenta/dev-dock,0
gedex/gembel,0
itzg/img-hacker,0
abhi18av/saigo,0
martinplaner/felix,0
VagabondDataNinjas/gizlinebot,0
maliceio/cli,0
grapswiz/dfs,0
sergiusens/hello,0
stathat/cmd,0
cu-library/DOAJ2Crossref,0
Jimdo/github-downloader,0
paulchiu/xinput-toggle,0
nyodas/isinnexus,0
osteele/multiclone,0
blp1526/gg,0
wablerfam/baku,0
yoclay/hugo-master,0
gost-c/enr,0
wolfeidau/ggprov,0
KristinaEtc/goreleaser-test,0
kpurdon/beerwall,0
naveego/plugin-sub-test,0
kevingimbel/goreleaser-demo,0
bobvanluijt/RLY08B-controller,0
jetstack/airworthy,0
sklevenz/goreleaser-test,0
IFTTT/alb-tool,0
naveego/plugin-pub-test,0
cloudboss/keights,0
ncw/fsyncbench,0
divanvisagie/new,0
wrouesnel/multihttp,0
GaoLiping/goreleaser,0
mplx/gosample,0
jaxxstorm/like-my-friend,0
proshik/gotrew,0
screwdriver-cd/meta-cli,0
CxiaoyuN/filemanager,0
digivizer/newrelic-smith,0
noonien/tcp-proxy,0
kyoh86/gold,0
lrstanley/borg,0
amir20/foobar,0
codeskyblue/adbx,0
domudall/gcu-check,0
Teamwork/godocgen,0
jiro4989/md4pt,0
devopsdays/devopsdays-cli,0
hawky-4s-/octoman,0
itc3-devops/vrctlviz,0
fprieur/stminfo,0
nakaji-s/hbase-cmd,0
antonu17/go-playgroud,0
K7MSH/webcam-scraper,0
fsuhrau/gocat,0
PortalP3/mingle_metrics,0
rdtr/bq-partition-porter,0
MathieuDoyon/sqspush,0
soopsio/go-sshd,0
provalabs/prova,0
casept/yagopherd,0
abhi18av/s_a_i_go,0
DanielMSchmidt/flow-watcher,0
erikwilliamsa/gcloudps,0
TwistedSystemsLtd/lazenby-go,0
artberri/gitcleaner,0
vovkasm/run-with-schedule,0
chenshunlin/filemanager,0
jiro4989/genidx,0
floriankammermann/vcloud-cli,0
gillchristian/todos,0
wrouesnel/reverse_exporter,0
DheerendraRathor/SimpleWsClient,0
screwdriver-cd/log-service,0
jason-riddle/stateless,0
evovetech/got,0
ynozue/apichecker,0
sidmusa/hugo,0
ingest/generate-playback-keys,0
simonswine/gke-kubeconfig-builder,0
uepoch/go-healthchecker,0
petems/gitgud,0
clintmod/diskusage,0
zcong1993/pkg-version,0
FenrirUnbound/mplater,0
adrianbrink/tendereum,0
kogasoftware/dmocks,0
mchudgins/playground,0
leitaoxman/backup-lightsocks,0
cedriclam/helm-test,0
tosone/testGoRelease,0
vdparikh/go-sftp,0
rai-project/rai-keygen,0
tomsquest/bouyguessms,0
caarlos0/test,0
lego/roachnest,0
1531/bibot,0
wrouesnel/callback,0
sanathkr/go-helloworld,0
kyoh86/deject,0
5Sigma/conduit,0
gstruct/sexecline,0
dmush/sqlpack,0
midorigreen/gtrello,0
UnAfraid/go-health-check,0
TheCacophonyProject/thermal-uploader,0
ninnemana/fuz,0
gedex/glek,0
drewsonne/gocd-tf-generate,0
goreleaser/example,0
wrouesnel/makecerts,0
rentziass/codrops,0
dependencies-io/pullrequest,0
sebastianwebber/hba,0
whyrv/clitemplate,0
SpeckiJ/go_seamCarving,0
artpar/gisio,0
gomatic/sub,0
client9/s3push,0
mbesancon/tomate,0
itzg/haproxy-gen,0
rentziass/territory_wars_report,0
MerlinDMC/jsonbeat,0
errata-ai/errata,0
hellofresh/github-cli,0
circleci/ccidemo,0
tjyang/cmd1,0
fprieur/wb2d,0
ShimiT/mta-tool,0
humio/cli,0
gofmt/go-scaffold,0
arran4/matchStickProblem,0
dabster2/postgres_exporter,0
humio/cli-python,0
kare/gist,0
mitchgu/asdfland,0
blacktop/lporg,0
alastairruhm/zj-db-cluster,0
